agent_id,agent_service_type,from_origin_node_id,to_destination_node_id,origin_zone_seq_no,destination_zone_seq_no,VRP_group_id,vehicle_seat_capacity,fixed_path_flag,PCE,departure_time_in_min,earliest_departure_time,latest_arrival_time,path_node_sequence,path_schedule_time_sequence
1,2,1001,1010,,,10,1,,,0,0,60,,
2,2,1001,1010,,,10,1,,,0,0,60,,
3,2,1001,1010,,,10,1,,,0,0,60,,
4,2,1001,1010,,,10,1,,,0,0,60,,
5,2,1001,1010,,,10,1,,,0,0,60,,
6,2,1001,1010,,,10,1,,,0,0,60,,
7,2,1001,1010,,,10,1,,,0,0,60,,
8,2,1001,1010,,,10,1,,,0,0,60,,
9,2,1011,1010,,,10,1,,,0,0,60,,
10,2,1011,1010,,,10,1,,,0,0,60,,
11,2,1011,1010,,,10,1,,,0,0,60,,
12,2,1021,1010,,,10,1,,,0,0,60,,
13,2,1021,1010,,,10,1,,,0,0,60,,
14,2,1021,1010,,,10,1,,,0,0,60,,
15,2,1021,1010,,,10,1,,,0,0,60,,
16,2,1021,1010,,,10,1,,,0,0,60,,
17,2,1021,1010,,,10,1,,,0,0,60,,
18,2,1021,1010,,,10,1,,,0,0,60,,
19,2,1031,1010,,,10,1,,,0,0,60,,
20,2,1031,1010,,,10,1,,,0,0,60,,
21,2,1031,1010,,,10,1,,,0,0,60,,
22,2,1031,1010,,,10,1,,,0,0,60,,
23,2,1031,1010,,,10,1,,,0,0,60,,
24,2,1031,1010,,,10,1,,,0,0,60,,
25,2,1031,1010,,,10,1,,,0,0,60,,
26,2,1031,1010,,,10,1,,,0,0,60,,
27,2,1031,1010,,,10,1,,,0,0,60,,
28,2,1031,1010,,,10,1,,,0,0,60,,
29,2,1031,1010,,,10,1,,,0,0,60,,
30,2,1031,1010,,,10,1,,,0,0,60,,
31,2,1031,1010,,,10,1,,,0,0,60,,
32,2,1031,1010,,,10,1,,,0,0,60,,
33,2,1031,1010,,,10,1,,,0,0,60,,
34,2,1041,1010,,,10,1,,,0,0,60,,
35,2,1041,1010,,,10,1,,,0,0,60,,
36,2,1041,1010,,,10,1,,,0,0,60,,
37,2,1041,1010,,,10,1,,,0,0,60,,
38,2,1041,1010,,,10,1,,,0,0,60,,
39,2,1041,1010,,,10,1,,,0,0,60,,
40,2,1041,1010,,,10,1,,,0,0,60,,
41,2,1041,1010,,,10,1,,,0,0,60,,
42,2,1041,1010,,,10,1,,,0,0,60,,
43,2,1041,1010,,,10,1,,,0,0,60,,
44,2,1041,1010,,,10,1,,,0,0,60,,
45,2,1041,1010,,,10,1,,,0,0,60,,
46,2,1041,1010,,,10,1,,,0,0,60,,
47,2,1041,1010,,,10,1,,,0,0,60,,
48,2,1041,1010,,,10,1,,,0,0,60,,
49,2,1041,1010,,,10,1,,,0,0,60,,
50,2,1041,1010,,,10,1,,,0,0,60,,
51,2,1051,1010,,,10,1,,,0,0,60,,
52,2,1051,1010,,,10,1,,,0,0,60,,
53,2,1051,1010,,,10,1,,,0,0,60,,
54,2,1051,1010,,,10,1,,,0,0,60,,
55,2,1051,1010,,,10,1,,,0,0,60,,
56,2,1051,1010,,,10,1,,,0,0,60,,
57,2,1051,1010,,,10,1,,,0,0,60,,
58,2,1051,1010,,,10,1,,,0,0,60,,
59,2,1051,1010,,,10,1,,,0,0,60,,
60,2,1051,1010,,,10,1,,,0,0,60,,
61,2,1051,1010,,,10,1,,,0,0,60,,
62,2,1051,1010,,,10,1,,,0,0,60,,
63,2,1051,1010,,,10,1,,,0,0,60,,
64,2,1051,1010,,,10,1,,,0,0,60,,
65,2,1061,1010,,,10,1,,,0,0,60,,
66,2,1061,1010,,,10,1,,,0,0,60,,
67,2,1061,1010,,,10,1,,,0,0,60,,
68,2,1061,1010,,,10,1,,,0,0,60,,
69,2,1061,1010,,,10,1,,,0,0,60,,
70,2,1061,1010,,,10,1,,,0,0,60,,
71,2,1061,1010,,,10,1,,,0,0,60,,
72,2,1061,1010,,,10,1,,,0,0,60,,
73,2,1061,1010,,,10,1,,,0,0,60,,
74,2,1061,1010,,,10,1,,,0,0,60,,
75,2,1071,1010,,,10,1,,,0,0,60,,
76,2,1071,1010,,,10,1,,,0,0,60,,
77,2,1071,1010,,,10,1,,,0,0,60,,
78,2,1081,1010,,,10,1,,,0,0,60,,
79,2,1081,1010,,,10,1,,,0,0,60,,
80,2,1081,1010,,,10,1,,,0,0,60,,
81,2,1081,1010,,,10,1,,,0,0,60,,
82,2,1081,1010,,,10,1,,,0,0,60,,
83,2,1081,1010,,,10,1,,,0,0,60,,
84,2,1081,1010,,,10,1,,,0,0,60,,
85,2,1091,1010,,,10,1,,,0,0,60,,
86,2,1091,1010,,,10,1,,,0,0,60,,
87,2,1091,1010,,,10,1,,,0,0,60,,
88,2,1091,1010,,,10,1,,,0,0,60,,
89,2,1091,1010,,,10,1,,,0,0,60,,
90,2,1091,1010,,,10,1,,,0,0,60,,
